State,Facility Name,Facility ID,Unit ID,Associated Stacks,Year,Operating Time Count,Sum of the Operating Time,Gross Load (MWh),Steam Load (1000 lb),SO2 Mass (short tons),SO2 Rate (lbs/mmBtu),CO2 Mass (short tons),CO2 Rate (short tons/mmBtu),NOx Mass (short tons),NOx Rate (lbs/mmBtu),Heat Input (mmBtu),Primary Fuel Type,Secondary Fuel Type,Unit Type,SO2 Controls,NOx Controls,PM Controls,Hg Controls,Program Code
KY,Smith Generating Facility,54,SCT1,,2024,1122,978.62,91949.4,,0.377,0.001,72898.095,0.0591,34.886,0.0641,1226118.609,Pipeline Natural Gas,Residual Oil,Combustion turbine,,Water Injection,,,"ARP, CSNOX, CSOSG2E, CSSO2G1"
KY,Smith Generating Facility,54,SCT1,,2025,1444,1288.14,122796.76,,0.498,0.001,97387.359,0.0591,45.548,0.0617,1638316.267,Pipeline Natural Gas,Residual Oil,Combustion turbine,,Water Injection,,,"ARP, CSNOX, CSOSG2E, CSSO2G1"
KY,Smith Generating Facility,54,SCT1,,2026,782,702.34,73579.03,,0.364,0.0012,56777.475,0.0592,31.964,0.0757,951166.663,Pipeline Natural Gas,Residual Oil,Combustion turbine,,Water Injection,,,"ARP, CSNOX, CSOSG2E, CSSO2G1"
KY,Smith Generating Facility,54,SCT10,,2024,932,827.99,60644.85,,0.166,0.001,32844.725,0.0591,3.345,0.0146,552658.426,Pipeline Natural Gas,,Combustion turbine,,Water Injection|Selective Catalytic Reduction,,,"ARP, CSNOX, CSOSG2E, CSSO2G1"
KY,Smith Generating Facility,54,SCT10,,2025,2445,2201.66,155232.82,,0.433,0.001,85798.345,0.0591,8.786,0.0145,1443714.94,Pipeline Natural Gas,,Combustion turbine,,Water Injection|Selective Catalytic Reduction,,,"ARP, CSNOX, CSOSG2E, CSSO2G1"
KY,Smith Generating Facility,54,SCT10,,2026,1108,1014.8,77291.95,,0.211,0.001,41717.277,0.059,4.358,0.0148,701974.549,Pipeline Natural Gas,,Combustion turbine,,Water Injection|Selective Catalytic Reduction,,,"ARP, CSNOX, CSOSG2E, CSSO2G1"
KY,Smith Generating Facility,54,SCT2,,2024,1020,897.51,84548.47,,0.352,0.001,68214.401,0.0591,38.723,0.0726,1147382.199,Pipeline Natural Gas,Residual Oil,Combustion turbine,,Water Injection,,,"ARP, CSNOX, CSOSG2E, CSSO2G1"
KY,Smith Generating Facility,54,SCT2,,2025,1189,1067.33,103874.35,,0.442,0.0011,83207.872,0.0591,43.109,0.0673,1398702.994,Pipeline Natural Gas,Residual Oil,Combustion turbine,,Water Injection,,,"ARP, CSNOX, CSOSG2E, CSSO2G1"
KY,Smith Generating Facility,54,SCT2,,2026,737,662.94,69791.33,,0.341,0.0012,54487.404,0.0594,28.188,0.0734,913182.429,Pipeline Natural Gas,Residual Oil,Combustion turbine,,Water Injection,,,"ARP, CSNOX, CSOSG2E, CSSO2G1"
KY,Smith Generating Facility,54,SCT3,,2024,1013,887.29,85145.32,,0.351,0.0011,67168.262,0.0592,35.424,0.0678,1129550.638,Pipeline Natural Gas,Residual Oil,Combustion turbine,,Water Injection,,,"ARP, CSNOX, CSOSG2E, CSSO2G1"
KY,Smith Generating Facility,54,SCT3,,2025,1230,1105.46,109070.45,,0.458,0.0011,85236.652,0.0592,45.231,0.0681,1432433.187,Pipeline Natural Gas,Residual Oil,Combustion turbine,,Water Injection,,,"ARP, CSNOX, CSOSG2E, CSSO2G1"
KY,Smith Generating Facility,54,SCT3,,2026,653,583.36,60786.0,,0.265,0.0012,46316.364,0.0593,27.293,0.0762,777579.885,Pipeline Natural Gas,Residual Oil,Combustion turbine,,Water Injection,,,"ARP, CSNOX, CSOSG2E, CSSO2G1"
KY,Smith Generating Facility,54,SCT4,,2024,927,798.33,45299.01,,0.23,0.0012,38050.438,0.0594,10.406,0.0417,637959.55,Pipeline Natural Gas,Residual Oil,Combustion turbine,,Dry Low NOx Burners|Water Injection,,,"ARP, CSNOX, CSOSG2E, CSSO2G1"
KY,Smith Generating Facility,54,SCT4,,2025,1524,1354.12,83074.2,,0.361,0.0011,67622.461,0.0592,18.202,0.0381,1136739.934,Pipeline Natural Gas,Residual Oil,Combustion turbine,,Dry Low NOx Burners|Water Injection,,,"ARP, CSNOX, CSOSG2E, CSSO2G1"
KY,Smith Generating Facility,54,SCT4,,2026,824,746.25,47593.76,,0.191,0.001,37674.048,0.0591,8.298,0.0323,633865.911,Pipeline Natural Gas,Residual Oil,Combustion turbine,,Dry Low NOx Burners|Water Injection,,,"ARP, CSNOX, CSOSG2E, CSSO2G1"
KY,Smith Generating Facility,54,SCT5,,2024,1010,865.45,48650.91,,0.202,0.0011,38880.97,0.0591,10.615,0.041,653939.798,Pipeline Natural Gas,Residual Oil,Combustion turbine,,Dry Low NOx Burners|Water Injection,,,"ARP, CSNOX, CSOSG2E, CSSO2G1"
KY,Smith Generating Facility,54,SCT5,,2025,1484,1323.7,73875.68,,0.314,0.0011,59247.528,0.0592,13.941,0.0345,996063.807,Pipeline Natural Gas,Residual Oil,Combustion turbine,,Dry Low NOx Burners|Water Injection,,,"ARP, CSNOX, CSOSG2E, CSSO2G1"
KY,Smith Generating Facility,54,SCT5,,2026,799,729.84,47014.12,,0.181,0.0011,34935.346,0.0591,8.897,0.0353,587639.623,Pipeline Natural Gas,Residual Oil,Combustion turbine,,Dry Low NOx Burners|Water Injection,,,"ARP, CSNOX, CSOSG2E, CSSO2G1"
KY,Smith Generating Facility,54,SCT6,,2024,994,864.41,48570.59,,0.202,0.0011,39178.444,0.0591,10.86,0.0407,659010.131,Pipeline Natural Gas,Residual Oil,Combustion turbine,,Dry Low NOx Burners|Water Injection,,,"ARP, CSNOX, CSOSG2E, CSSO2G1"
KY,Smith Generating Facility,54,SCT6,,2025,1549,1390.76,77599.41,,0.321,0.001,62812.226,0.0591,15.987,0.0365,1056699.507,Pipeline Natural Gas,Residual Oil,Combustion turbine,,Dry Low NOx Burners|Water Injection,,,"ARP, CSNOX, CSOSG2E, CSSO2G1"
KY,Smith Generating Facility,54,SCT6,,2026,778,711.59,45573.87,,0.179,0.001,35169.604,0.0591,9.66,0.0382,591709.317,Pipeline Natural Gas,Residual Oil,Combustion turbine,,Dry Low NOx Burners|Water Injection,,,"ARP, CSNOX, CSOSG2E, CSSO2G1"
KY,Smith Generating Facility,54,SCT7,,2024,936,819.86,46081.84,,0.192,0.001,37358.243,0.0591,10.639,0.0411,628438.762,Pipeline Natural Gas,Residual Oil,Combustion turbine,,Dry Low NOx Burners|Water Injection,,,"ARP, CSNOX, CSOSG2E, CSSO2G1"
KY,Smith Generating Facility,54,SCT7,,2025,1527,1363.33,76600.75,,0.319,0.001,62091.104,0.0591,16.82,0.0384,1044487.676,Pipeline Natural Gas,Residual Oil,Combustion turbine,,Dry Low NOx Burners|Water Injection,,,"ARP, CSNOX, CSOSG2E, CSSO2G1"
KY,Smith Generating Facility,54,SCT7,,2026,838,765.83,48849.18,,0.192,0.001,37586.291,0.059,11.383,0.0417,632378.34,Pipeline Natural Gas,Residual Oil,Combustion turbine,,Dry Low NOx Burners|Water Injection,,,"ARP, CSNOX, CSOSG2E, CSSO2G1"
KY,Smith Generating Facility,54,SCT9,,2024,1901,1685.5,118065.64,,0.329,0.001,65160.504,0.0591,6.954,0.015,1096417.27,Pipeline Natural Gas,,Combustion turbine,,Water Injection|Selective Catalytic Reduction,,,"ARP, CSNOX, CSOSG2E, CSSO2G1"
KY,Smith Generating Facility,54,SCT9,,2025,2442,2185.66,153961.57,,0.433,0.001,85790.595,0.0591,9.22,0.0151,1443581.797,Pipeline Natural Gas,,Combustion turbine,,Water Injection|Selective Catalytic Reduction,,,"ARP, CSNOX, CSOSG2E, CSSO2G1"
KY,Smith Generating Facility,54,SCT9,,2026,1142,1052.54,79780.31,,0.218,0.001,43183.575,0.059,4.425,0.0141,726657.208,Pipeline Natural Gas,,Combustion turbine,,Water Injection|Selective Catalytic Reduction,,,"ARP, CSNOX, CSOSG2E, CSSO2G1"
KY,Big Sandy,1353,BSU1,,2024,6567,6561.83,1156088.16,,28.477,0.005,657216.425,0.059,902.252,0.1437,11058942.364,Natural Gas,,Dry bottom wall-fired boiler,,Low NOx Burner Technology (Dry Bottom only)|Overfire Air,Electrostatic Precipitator,,"ARP, CSNOX, CSOSG2E, CSSO2G1"
KY,Big Sandy,1353,BSU1,,2025,7299,7294.52,1268398.99,,31.694,0.005,731463.794,0.059,1023.433,0.1487,12308369.314,Natural Gas,,Dry bottom wall-fired boiler,,Low NOx Burner Technology (Dry Bottom only)|Overfire Air,Electrostatic Precipitator,,"ARP, CSNOX, CSOSG2E, CSSO2G1"
KY,Big Sandy,1353,BSU1,,2026,3871,3869.44,662917.45,,16.464,0.005,379960.652,0.059,555.045,0.1533,6393594.281,Natural Gas,,Dry bottom wall-fired boiler,,Low NOx Burner Technology (Dry Bottom only)|Overfire Air,Electrostatic Precipitator,,"ARP, CSNOX, CSOSG2E, CSSO2G1"
KY,E W Brown,1355,10,,2024,92,75.41,5093.0,,0.123,0.0049,4333.137,0.0595,3.806,0.1057,72549.691,Pipeline Natural Gas,,Combustion turbine,Other,Water Injection,,,"ARP, CSNOX, CSOSG2E, CSSO2G1"
KY,E W Brown,1355,10,,2025,188,169.78,10022.6,,0.151,0.0037,9432.458,0.0592,8.21,0.1042,158343.325,Pipeline Natural Gas,,Combustion turbine,Other,Water Injection,,,"ARP, CSNOX, CSOSG2E, CSSO2G1"
KY,E W Brown,1355,10,,2026,249,235.73,13308.02,,0.175,0.0017,12593.262,0.0591,10.347,0.0969,211515.764,Pipeline Natural Gas,,Combustion turbine,Other,Water Injection,,,"ARP, CSNOX, CSOSG2E, CSSO2G1"
KY,E W Brown,1355,11,,2024,92,72.97,4545.74,,0.066,0.0076,3899.427,0.0602,3.903,0.1214,65447.676,Pipeline Natural Gas,,Combustion turbine,Other,Water Injection,,,"ARP, CSNOX, CSOSG2E, CSSO2G1"
KY,E W Brown,1355,11,,2025,362,339.05,18593.48,,0.203,0.0027,16700.342,0.0592,17.162,0.1228,280578.481,Pipeline Natural Gas,,Combustion turbine,Other,Water Injection,,,"ARP, CSNOX, CSOSG2E, CSSO2G1"
KY,E W Brown,1355,11,,2026,253,225.51,16272.31,,0.163,0.0024,13362.932,0.0592,13.263,0.1196,224513.988,Pipeline Natural Gas,,Combustion turbine,Other,Water Injection,,,"ARP, CSNOX, CSOSG2E, CSSO2G1"
KY,E W Brown,1355,3,,2024,7802,7794.6,1536320.52,,658.386,0.0741,1707989.695,0.103,324.523,0.0383,16647001.017,Coal,,Tangentially-fired,Wet Limestone,Low NOx Burner Technology w/ Closed-coupled/Separated OFA|Selective Catalytic Reduction,Wet Scrubber|Baghouse,Additives to Enhance PAC and Existing Equipment Performance|Untreated PAC Sorbent Injection,"ARP, CSNOX, CSOSG2E, CSSO2G1, MATS"
KY,E W Brown,1355,3,,2025,7243,7239.14,1530561.12,,982.342,0.2543,1687260.914,0.103,387.199,0.046,16445030.205,Coal,,Tangentially-fired,Wet Limestone,Low NOx Burner Technology w/ Closed-coupled/Separated OFA|Selective Catalytic Reduction,Wet Scrubber|Baghouse,Additives to Enhance PAC and Existing Equipment Performance|Untreated PAC Sorbent Injection,"ARP, CSNOX, CSOSG2E, CSSO2G1, MATS"
KY,E W Brown,1355,3,,2026,3690,3685.85,795788.46,,351.313,0.0812,821579.346,0.103,177.481,0.0427,8007613.065,Coal,,Tangentially-fired,Wet Limestone,Low NOx Burner Technology w/ Closed-coupled/Separated OFA|Selective Catalytic Reduction,Wet Scrubber|Baghouse,Additives to Enhance PAC and Existing Equipment Performance|Untreated PAC Sorbent Injection,"ARP, CSNOX, CSOSG2E, CSSO2G1, MATS"
KY,E W Brown,1355,5,,2024,291,250.33,19095.62,,0.078,0.001,15455.289,0.0589,10.618,0.0834,260068.668,Pipeline Natural Gas,,Combustion turbine,,Water Injection,,,"ARP, CSNOX, CSOSG2E, CSSO2G1"
KY,E W Brown,1355,5,,2025,620,562.15,34305.68,,0.15,0.001,29807.028,0.0591,21.453,0.0863,501574.962,Pipeline Natural Gas,,Combustion turbine,,Water Injection,,,"ARP, CSNOX, CSOSG2E, CSSO2G1"
KY,E W Brown,1355,5,,2026,491,450.6,32990.77,,0.137,0.001,27110.19,0.0589,17.633,0.0782,456174.745,Pipeline Natural Gas,,Combustion turbine,,Water Injection,,,"ARP, CSNOX, CSOSG2E, CSSO2G1"
KY,E W Brown,1355,6,,2024,582,517.86,63987.91,,0.213,0.001,42278.088,0.059,13.739,0.0382,711416.974,Pipeline Natural Gas,,Combustion turbine,,Dry Low NOx Burners|Water Injection,,,"ARP, CSNOX, CSOSG2E, CSSO2G1"
KY,E W Brown,1355,6,,2025,896,809.13,89772.81,,0.307,0.001,60877.519,0.059,42.166,0.0832,1024381.015,Pipeline Natural Gas,,Combustion turbine,,Dry Low NOx Burners|Water Injection,,,"ARP, CSNOX, CSOSG2E, CSSO2G1"
KY,E W Brown,1355,6,,2026,768,702.88,86491.06,,0.288,0.001,57064.706,0.059,38.204,0.0808,960215.249,Pipeline Natural Gas,,Combustion turbine,,Dry Low NOx Burners|Water Injection,,,"ARP, CSNOX, CSOSG2E, CSSO2G1"
KY,E W Brown,1355,7,,2024,793,719.04,91659.29,,0.306,0.001,60598.497,0.059,29.777,0.0583,1019677.741,Pipeline Natural Gas,,Combustion turbine,,Dry Low NOx Burners|Water Injection,,,"ARP, CSNOX, CSOSG2E, CSSO2G1"
KY,E W Brown,1355,7,,2025,1148,1054.39,116240.99,,0.405,0.001,80145.746,0.059,38.92,0.0577,1348623.465,Pipeline Natural Gas,,Combustion turbine,,Dry Low NOx Burners|Water Injection,,,"ARP, CSNOX, CSOSG2E, CSSO2G1"
KY,E W Brown,1355,7,,2026,781,731.39,88996.73,,0.301,0.001,59676.27,0.059,28.954,0.0577,1004190.099,Pipeline Natural Gas,,Combustion turbine,,Dry Low NOx Burners|Water Injection,,,"ARP, CSNOX, CSOSG2E, CSSO2G1"
KY,E W Brown,1355,8,,2024,174,152.11,9522.75,,0.14,0.0047,8160.035,0.0594,9.159,0.1346,136955.288,Pipeline Natural Gas,,Combustion turbine,Other,Water Injection,,,"ARP, CSNOX, CSOSG2E, CSSO2G1"
KY,E W Brown,1355,8,,2025,389,345.97,19493.03,,0.18,0.0025,17242.013,0.0592,19.336,0.1337,289800.523,Pipeline Natural Gas,,Combustion turbine,Other,Water Injection,,,"ARP, CSNOX, CSOSG2E, CSSO2G1"
KY,E W Brown,1355,8,,2026,277,254.73,16851.94,,0.154,0.0019,14155.118,0.0591,15.858,0.1334,237895.589,Pipeline Natural Gas,,Combustion turbine,Other,Water Injection,,,"ARP, CSNOX, CSOSG2E, CSSO2G1"
KY,E W Brown,1355,9,,2024,82,67.68,4462.75,,0.097,0.007,3514.762,0.0599,3.572,0.1228,58773.8,Pipeline Natural Gas,,Combustion turbine,Other,Water Injection,,,"ARP, CSNOX, CSOSG2E, CSSO2G1"
KY,E W Brown,1355,9,,2025,179,157.49,8775.19,,0.156,0.0043,7865.499,0.0594,7.947,0.1208,131935.23,Pipeline Natural Gas,,Combustion turbine,Other,Water Injection,,,"ARP, CSNOX, CSOSG2E, CSSO2G1"
KY,E W Brown,1355,9,,2026,210,194.65,12049.67,,0.15,0.0022,11156.555,0.0591,11.238,0.1201,187380.811,Pipeline Natural Gas,,Combustion turbine,Other,Water Injection,,,"ARP, CSNOX, CSOSG2E, CSSO2G1"
KY,Ghent,1356,1,,2024,7849,7845.8,3133798.69,,895.597,0.0563,3103540.274,0.103,1009.86,0.0644,30248939.018,Coal,,Tangentially-fired,Wet Limestone,Low NOx Burner Technology w/ Separated OFA|Selective Catalytic Reduction,Baghouse,Additives to Enhance PAC and Existing Equipment Performance|Untreated PAC Sorbent Injection,"ARP, CSNOX, CSOSG2E, CSSO2G1, MATS"
KY,Ghent,1356,1,,2025,7272,7264.28,2757460.57,,954.316,0.0684,2758165.642,0.103,901.706,0.0632,26882682.795,Coal,,Tangentially-fired,Wet Limestone,Low NOx Burner Technology w/ Separated OFA|Selective Catalytic Reduction,Baghouse,Additives to Enhance PAC and Existing Equipment Performance|Untreated PAC Sorbent Injection,"ARP, CSNOX, CSOSG2E, CSSO2G1, MATS"
KY,Ghent,1356,1,,2026,4078,4075.39,1467467.27,,686.773,0.0921,1467447.699,0.103,423.55,0.0582,14302635.46,Coal,,Tangentially-fired,Wet Limestone,Low NOx Burner Technology w/ Separated OFA|Selective Catalytic Reduction,Baghouse,Additives to Enhance PAC and Existing Equipment Performance|Untreated PAC Sorbent Injection,"ARP, CSNOX, CSOSG2E, CSSO2G1, MATS"
KY,Ghent,1356,2,CS023,2024,7842,7838.93,2764921.9,,3390.055,0.2362,2707001.306,0.103,4146.474,0.2976,26384033.784,Coal,,Tangentially-fired,Wet Limestone,Low NOx Burner Technology w/ Closed-coupled/Separated OFA,Baghouse,Untreated PAC Sorbent Injection|Additives to Enhance PAC and Existing Equipment Performance,"ARP, CSNOX, CSOSG2E, CSSO2G1, MATS"
KY,Ghent,1356,2,CS023,2025,8297,8294.82,3216587.08,,5660.489,0.3502,3072429.61,0.103,3667.83,0.2337,29945706.291,Coal,,Tangentially-fired,Wet Limestone,Low NOx Burner Technology w/ Closed-coupled/Separated OFA,Baghouse,Untreated PAC Sorbent Injection|Additives to Enhance PAC and Existing Equipment Performance,"ARP, CSNOX, CSOSG2E, CSSO2G1, MATS"
KY,Ghent,1356,2,CS023,2026,3158,3156.56,1228065.0,,2051.935,0.342,1150556.927,0.103,1413.586,0.2391,11214007.2,Coal,,Tangentially-fired,Wet Limestone,Low NOx Burner Technology w/ Closed-coupled/Separated OFA,Baghouse,Untreated PAC Sorbent Injection|Additives to Enhance PAC and Existing Equipment Performance,"ARP, CSNOX, CSOSG2E, CSSO2G1, MATS"
KY,Ghent,1356,3,CS023,2024,8140,8137.33,3132716.98,,3288.152,0.2115,3053157.994,0.103,890.728,0.0611,29757869.388,Coal,,Dry bottom wall-fired boiler,Wet Limestone,Low NOx Burner Technology w/ Overfire Air|Selective Catalytic Reduction,Baghouse|Electrostatic Precipitator,Untreated PAC Sorbent Injection|Additives to Enhance PAC and Existing Equipment Performance,"ARP, CSNOX, CSOSG2E, CSSO2G1, MATS"
KY,Ghent,1356,3,CS023,2025,7295,7282.83,2920084.8,,4271.69,0.3023,2776590.902,0.103,2630.718,0.1945,27062268.298,Coal,,Dry bottom wall-fired boiler,Wet Limestone,Low NOx Burner Technology w/ Overfire Air|Selective Catalytic Reduction,Baghouse|Electrostatic Precipitator,Untreated PAC Sorbent Injection|Additives to Enhance PAC and Existing Equipment Performance,"ARP, CSNOX, CSOSG2E, CSSO2G1, MATS"
KY,Ghent,1356,3,CS023,2026,4048,4043.92,1594184.82,,2266.882,0.2972,1510031.514,0.103,1301.002,0.1761,14717648.872,Coal,,Dry bottom wall-fired boiler,Wet Limestone,Low NOx Burner Technology w/ Overfire Air|Selective Catalytic Reduction,Baghouse|Electrostatic Precipitator,Untreated PAC Sorbent Injection|Additives to Enhance PAC and Existing Equipment Performance,"ARP, CSNOX, CSOSG2E, CSSO2G1, MATS"
KY,Ghent,1356,4,,2024,7634,7626.61,2548591.63,,1583.365,0.1208,2536178.342,0.103,940.609,0.0743,24719125.586,Coal,,Dry bottom wall-fired boiler,Wet Limestone,Low NOx Burner Technology w/ Overfire Air|Selective Catalytic Reduction,Baghouse|Electrostatic Precipitator,Additives to Enhance PAC and Existing Equipment Performance|Untreated PAC Sorbent Injection,"ARP, CSNOX, CSOSG2E, CSSO2G1, MATS"
KY,Ghent,1356,4,,2025,8177,8172.61,2936784.74,,1554.982,0.1073,2882324.206,0.103,827.066,0.058,28092838.96,Coal,,Dry bottom wall-fired boiler,Wet Limestone,Low NOx Burner Technology w/ Overfire Air|Selective Catalytic Reduction,Baghouse|Electrostatic Precipitator,Additives to Enhance PAC and Existing Equipment Performance|Untreated PAC Sorbent Injection,"ARP, CSNOX, CSOSG2E, CSSO2G1, MATS"
KY,Ghent,1356,4,,2026,4321,4319.34,1509655.75,,884.766,0.118,1466353.995,0.103,382.791,0.0533,14291930.475,Coal,,Dry bottom wall-fired boiler,Wet Limestone,Low NOx Burner Technology w/ Overfire Air|Selective Catalytic Reduction,Baghouse|Electrostatic Precipitator,Additives to Enhance PAC and Existing Equipment Performance|Untreated PAC Sorbent Injection,"ARP, CSNOX, CSOSG2E, CSSO2G1, MATS"
KY,Cane Run,1363,7A,,2024,6599,6579.88,2345849.24,,4.452,0.001,881805.532,0.059,235.799,0.0323,14837933.41,Pipeline Natural Gas,,Combined cycle,,Dry Low NOx Burners,,,"ARP, CSNOX, CSOSG2E, CSSO2G1"
KY,Cane Run,1363,7A,,2025,8059,8048.33,2683266.07,,5.215,0.001,1033048.822,0.059,255.86,0.0298,17382887.041,Pipeline Natural Gas,,Combined cycle,,Dry Low NOx Burners,,,"ARP, CSNOX, CSOSG2E, CSSO2G1"
KY,Cane Run,1363,7A,,2026,3490,3486.14,1179550.98,,2.339,0.001,463261.017,0.059,113.599,0.0295,7795252.588,Pipeline Natural Gas,,Combined cycle,,Dry Low NOx Burners,,,"ARP, CSNOX, CSOSG2E, CSSO2G1"
KY,Cane Run,1363,7B,,2024,6305,6292.26,2241357.26,,4.227,0.001,837247.465,0.059,203.211,0.0295,14088319.625,Pipeline Natural Gas,,Combined cycle,,Dry Low NOx Burners,,,"ARP, CSNOX, CSOSG2E, CSSO2G1"
KY,Cane Run,1363,7B,,2025,7971,7958.39,2665441.67,,5.161,0.001,1022318.899,0.059,229.539,0.0271,17202439.446,Pipeline Natural Gas,,Combined cycle,,Dry Low NOx Burners,,,"ARP, CSNOX, CSOSG2E, CSSO2G1"
KY,Cane Run,1363,7B,,2026,3369,3364.52,1143118.97,,2.254,0.001,446509.062,0.059,98.558,0.0265,7513299.709,Pipeline Natural Gas,,Combined cycle,,Dry Low NOx Burners,,,"ARP, CSNOX, CSOSG2E, CSSO2G1"
KY,Mill Creek,1364,1,CS12,2024,4010,3990.7,969808.45,,647.302,0.1393,891542.394,0.1025,1345.727,0.3046,8699733.141,Coal,,Tangentially-fired,Wet Limestone,Low NOx Burner Technology w/ Separated OFA,Baghouse|Electrostatic Precipitator,Additives to Enhance PAC and Existing Equipment Performance|Untreated PAC Sorbent Injection,"ARP, CSNOX, CSOSG2E, CSSO2G1, MATS"
KY,Mill Creek,1364,2,CS12,2024,7915,7904.24,1849157.18,,1107.22,0.1162,1722305.792,0.1027,2523.9,0.2992,16808103.656,Coal,,Tangentially-fired,Wet Limestone,Low NOx Burner Technology w/ Separated OFA,Baghouse|Electrostatic Precipitator,Additives to Enhance PAC and Existing Equipment Performance|Untreated PAC Sorbent Injection,"ARP, CSNOX, CSOSG2E, CSSO2G1, MATS"
KY,Mill Creek,1364,2,,2025,7308,7296.04,1881055.07,,919.103,0.0942,1729080.681,0.1024,2769.282,0.3262,16863253.153,Coal,,Tangentially-fired,Wet Limestone,Low NOx Burner Technology w/ Separated OFA,Baghouse|Electrostatic Precipitator,Additives to Enhance PAC and Existing Equipment Performance|Untreated PAC Sorbent Injection,"ARP, CSNOX, CSOSG2E, CSSO2G1, MATS"
KY,Mill Creek,1364,2,,2026,3881,3875.59,1016543.01,,186.427,0.0353,944938.558,0.1022,1721.916,0.3667,9231427.789,Coal,,Tangentially-fired,Wet Limestone,Low NOx Burner Technology w/ Separated OFA,Baghouse|Electrostatic Precipitator,Additives to Enhance PAC and Existing Equipment Performance|Untreated PAC Sorbent Injection,"ARP, CSNOX, CSOSG2E, CSSO2G1, MATS"
KY,Mill Creek,1364,3,,2024,6497,6476.67,1877437.51,,1045.653,0.1144,1853615.833,0.1015,646.866,0.0709,18120504.885,Coal,,Dry bottom wall-fired boiler,Wet Limestone,Low NOx Burner Technology (Dry Bottom only)|Selective Catalytic Reduction,Baghouse|Electrostatic Precipitator|Wet Scrubber,Additives to Enhance PAC and Existing Equipment Performance|Untreated PAC Sorbent Injection,"ARP, CSNOX, CSOSG2E, CSSO2G1, MATS"
KY,Mill Creek,1364,3,,2025,8287,8279.27,2870953.57,,1882.562,0.1356,2795709.5,0.1024,1378.229,0.1002,27301951.43,Coal,,Dry bottom wall-fired boiler,Wet Limestone,Low NOx Burner Technology (Dry Bottom only)|Selective Catalytic Reduction,Baghouse|Electrostatic Precipitator|Wet Scrubber,Additives to Enhance PAC and Existing Equipment Performance|Untreated PAC Sorbent Injection,"ARP, CSNOX, CSOSG2E, CSSO2G1, MATS"
KY,Mill Creek,1364,3,,2026,2920,2912.08,973679.82,,586.872,0.2398,979224.778,0.1016,618.806,0.1273,9570700.564,Coal,,Dry bottom wall-fired boiler,Wet Limestone,Low NOx Burner Technology (Dry Bottom only)|Selective Catalytic Reduction,Baghouse|Electrostatic Precipitator|Wet Scrubber,Additives to Enhance PAC and Existing Equipment Performance|Untreated PAC Sorbent Injection,"ARP, CSNOX, CSOSG2E, CSSO2G1, MATS"
KY,Mill Creek,1364,4,,2024,7771,7764.42,2985362.46,,2075.818,0.1409,2931423.691,0.1024,945.583,0.0656,28615741.866,Coal,,Dry bottom wall-fired boiler,Wet Limestone,Low NOx Burner Technology (Dry Bottom only)|Selective Catalytic Reduction,Baghouse|Electrostatic Precipitator|Wet Scrubber,Additives to Enhance PAC and Existing Equipment Performance|Untreated PAC Sorbent Injection,"ARP, CSNOX, CSOSG2E, CSSO2G1, MATS"
KY,Mill Creek,1364,4,,2025,7263,7257.08,3135113.08,,792.304,0.0629,3083034.925,0.1025,1356.524,0.0896,30086675.089,Coal,,Dry bottom wall-fired boiler,Wet Limestone,Low NOx Burner Technology (Dry Bottom only)|Selective Catalytic Reduction,Baghouse|Electrostatic Precipitator|Wet Scrubber,Additives to Enhance PAC and Existing Equipment Performance|Untreated PAC Sorbent Injection,"ARP, CSNOX, CSOSG2E, CSSO2G1, MATS"
KY,Mill Creek,1364,4,,2026,4192,4184.22,1807318.35,,509.911,0.0556,1779218.252,0.1022,881.948,0.1014,17375052.882,Coal,,Dry bottom wall-fired boiler,Wet Limestone,Low NOx Burner Technology (Dry Bottom only)|Selective Catalytic Reduction,Baghouse|Electrostatic Precipitator|Wet Scrubber,Additives to Enhance PAC and Existing Equipment Performance|Untreated PAC Sorbent Injection,"ARP, CSNOX, CSOSG2E, CSSO2G1, MATS"
KY,Paddy's Run,1366,12,,2024,9,9.0,,,0.001,0.001,,,1.38,0.7,3942.0,Pipeline Natural Gas,,Combustion turbine,,,,,"CSNOX, CSOSG2E, CSSO2G1"
KY,Paddy's Run,1366,12,,2025,10,10.0,,,0.002,0.001,,,1.533,0.7,4380.0,Pipeline Natural Gas,,Combustion turbine,,,,,"CSNOX, CSOSG2E, CSSO2G1"
KY,Paddy's Run,1366,12,,2026,25,25.0,,,0.004,0.001,,,3.833,0.7,10950.0,Pipeline Natural Gas,,Combustion turbine,,,,,"CSNOX, CSOSG2E, CSSO2G1"
KY,Paddy's Run,1366,13,,2024,617,574.66,79611.96,,0.244,0.001,48379.063,0.059,30.146,0.0745,814072.489,Pipeline Natural Gas,,Combustion turbine,,Dry Low NOx Burners,,,"ARP, CSNOX, CSOSG2E, CSSO2G1"
KY,Paddy's Run,1366,13,,2025,793,731.14,69421.15,,0.24,0.001,47556.281,0.059,29.52,0.0749,800228.681,Pipeline Natural Gas,,Combustion turbine,,Dry Low NOx Burners,,,"ARP, CSNOX, CSOSG2E, CSSO2G1"
KY,Paddy's Run,1366,13,,2026,547,513.99,59500.91,,0.192,0.001,38003.077,0.059,23.153,0.0734,639484.376,Pipeline Natural Gas,,Combustion turbine,,Dry Low NOx Burners,,,"ARP, CSNOX, CSOSG2E, CSSO2G1"
KY,Paradise,1378,PCC1,,2024,6910,6875.68,2075684.11,,4.291,0.001,850006.319,0.059,140.757,0.0216,14303017.243,Pipeline Natural Gas,,Combined cycle,,Dry Low NOx Burners|Selective Catalytic Reduction,,,"ARP, CSNOX, CSOSG2E, CSSO2G1, NSPS4T"
KY,Paradise,1378,PCC1,,2025,7680,7670.97,2405994.3,,4.888,0.001,968347.452,0.059,160.87,0.0203,16294184.862,Pipeline Natural Gas,,Combined cycle,,Dry Low NOx Burners|Selective Catalytic Reduction,,,"ARP, CSNOX, CSOSG2E, CSSO2G1, NSPS4T"
KY,Paradise,1378,PCC1,,2026,3699,3691.02,1112101.17,,2.252,0.001,446006.726,0.059,85.596,0.0231,7504977.391,Pipeline Natural Gas,,Combined cycle,,Dry Low NOx Burners|Selective Catalytic Reduction,,,"ARP, CSNOX, CSOSG2E, CSSO2G1, NSPS4T"
KY,Paradise,1378,PCC2,,2024,6310,6282.85,1958238.39,,4.011,0.001,794556.083,0.059,110.887,0.0185,13369904.049,Pipeline Natural Gas,,Combined cycle,,Dry Low NOx Burners|Selective Catalytic Reduction,,,"ARP, CSNOX, CSOSG2E, CSSO2G1, NSPS4T"
KY,Paradise,1378,PCC2,,2025,7807,7799.43,2445943.23,,4.978,0.001,986075.686,0.059,158.739,0.0198,16592560.868,Pipeline Natural Gas,,Combined cycle,,Dry Low NOx Burners|Selective Catalytic Reduction,,,"ARP, CSNOX, CSOSG2E, CSSO2G1, NSPS4T"
KY,Paradise,1378,PCC2,,2026,3561,3555.05,1092865.02,,2.189,0.001,433630.401,0.059,74.755,0.0208,7296658.155,Pipeline Natural Gas,,Combined cycle,,Dry Low NOx Burners|Selective Catalytic Reduction,,,"ARP, CSNOX, CSOSG2E, CSSO2G1, NSPS4T"
KY,Paradise,1378,PCC3,,2024,6746,6728.81,2051285.26,,4.226,0.001,837110.219,0.059,116.555,0.0181,14085949.24,Pipeline Natural Gas,,Combined cycle,,Dry Low NOx Burners|Selective Catalytic Reduction,,,"ARP, CSNOX, CSOSG2E, CSSO2G1, NSPS4T"
KY,Paradise,1378,PCC3,,2025,7742,7732.49,2454475.34,,4.96,0.001,982561.955,0.059,159.728,0.0202,16533513.859,Pipeline Natural Gas,,Combined cycle,,Dry Low NOx Burners|Selective Catalytic Reduction,,,"ARP, CSNOX, CSOSG2E, CSSO2G1, NSPS4T"
KY,Paradise,1378,PCC3,,2026,3661,3657.13,1118462.43,,2.258,0.001,447197.004,0.059,83.418,0.0228,7524904.94,Pipeline Natural Gas,,Combined cycle,,Dry Low NOx Burners|Selective Catalytic Reduction,,,"ARP, CSNOX, CSOSG2E, CSSO2G1, NSPS4T"
KY,Paradise,1378,PCC5,,2024,3579,3439.65,586875.89,,1.896,0.001,375650.109,0.059,87.745,0.0302,6321054.92,Pipeline Natural Gas,,Combustion turbine,,Dry Low NOx Burners,,,"ARP, CSNOX, CSOSG2E, CSSO2G1, NSPS4T"
KY,Paradise,1378,PCC5,,2025,2234,2078.36,355327.85,,1.146,0.001,226928.41,0.0591,53.602,0.0325,3818514.584,Pipeline Natural Gas,,Combustion turbine,,Dry Low NOx Burners,,,"ARP, CSNOX, CSOSG2E, CSSO2G1, NSPS4T"
KY,Paradise,1378,PCC5,,2026,1104,1039.36,166521.97,,0.543,0.001,107533.382,0.0591,29.984,0.0381,1809448.939,Pipeline Natural Gas,,Combustion turbine,,Dry Low NOx Burners,,,"ARP, CSNOX, CSOSG2E, CSSO2G1, NSPS4T"
KY,Paradise,1378,PCC6,,2024,3575,3445.31,582912.94,,1.879,0.001,372141.819,0.0591,92.747,0.0319,6262015.203,Pipeline Natural Gas,,Combustion turbine,,Dry Low NOx Burners,,,"ARP, CSNOX, CSOSG2E, CSSO2G1, NSPS4T"
KY,Paradise,1378,PCC6,,2025,2252,2103.69,356949.64,,1.153,0.001,228402.812,0.0591,56.368,0.0332,3843282.412,Pipeline Natural Gas,,Combustion turbine,,Dry Low NOx Burners,,,"ARP, CSNOX, CSOSG2E, CSSO2G1, NSPS4T"
KY,Paradise,1378,PCC6,,2026,976,923.01,150223.99,,0.487,0.001,96501.664,0.0592,26.7,0.0376,1623814.764,Pipeline Natural Gas,,Combustion turbine,,Dry Low NOx Burners,,,"ARP, CSNOX, CSOSG2E, CSSO2G1, NSPS4T"
KY,Paradise,1378,PCC7,,2024,3551,3419.93,582372.05,,1.885,0.001,373441.341,0.059,93.558,0.0321,6283859.267,Pipeline Natural Gas,,Combustion turbine,,Dry Low NOx Burners,,,"ARP, CSNOX, CSOSG2E, CSSO2G1, NSPS4T"
KY,Paradise,1378,PCC7,,2025,2216,2078.6,353207.05,,1.141,0.001,226063.229,0.059,56.285,0.0336,3803964.169,Pipeline Natural Gas,,Combustion turbine,,Dry Low NOx Burners,,,"ARP, CSNOX, CSOSG2E, CSSO2G1, NSPS4T"
KY,Paradise,1378,PCC7,,2026,1073,1016.28,164705.82,,0.537,0.001,106315.764,0.059,29.788,0.038,1788938.512,Pipeline Natural Gas,,Combustion turbine,,Dry Low NOx Burners,,,"ARP, CSNOX, CSOSG2E, CSSO2G1, NSPS4T"
KY,Shawnee,1379,1,CSSH15,2024,8344,8341.52,772613.51,,1222.214,0.2912,889043.224,0.105,731.903,0.1741,8476775.615,Coal,,Dry bottom wall-fired boiler,Dry Lime FGD,Low NOx Burner Technology (Dry Bottom only)|Selective Catalytic Reduction,Baghouse,,"ARP, CSNOX, CSOSG2E, CSSO2G1, MATS"
KY,Shawnee,1379,1,CSSH15,2025,7283,7279.74,842120.76,,1271.946,0.2888,929437.447,0.105,445.597,0.1013,8861918.939,Coal,,Dry bottom wall-fired boiler,Dry Lime FGD,Low NOx Burner Technology (Dry Bottom only)|Selective Catalytic Reduction,Baghouse,,"ARP, CSNOX, CSOSG2E, CSSO2G1, MATS"
KY,Shawnee,1379,1,CSSH15,2026,4344,4344.0,469757.0,,701.996,0.2837,519154.588,0.105,251.66,0.1015,4949980.8,Coal,,Dry bottom wall-fired boiler,Dry Lime FGD,Low NOx Burner Technology (Dry Bottom only)|Selective Catalytic Reduction,Baghouse,,"ARP, CSNOX, CSOSG2E, CSSO2G1, MATS"
KY,Shawnee,1379,2,CSSH15,2024,8316,8315.43,770075.97,,1292.44,0.3037,881073.273,0.105,768.14,0.1805,8400781.081,Coal,,Dry bottom wall-fired boiler,,Low NOx Burner Technology (Dry Bottom only),Baghouse,,"ARP, CSNOX, CSOSG2E, CSSO2G1, MATS"
KY,Shawnee,1379,2,CSSH15,2025,7556,7551.56,824525.33,,1294.27,0.2979,909414.662,0.105,451.453,0.1032,8671002.523,Coal,,Dry bottom wall-fired boiler,,Low NOx Burner Technology (Dry Bottom only),Baghouse,,"ARP, CSNOX, CSOSG2E, CSSO2G1, MATS"
KY,Shawnee,1379,2,CSSH15,2026,2674,2672.16,286189.55,,453.969,0.3006,316405.569,0.105,144.271,0.0954,3016829.461,Coal,,Dry bottom wall-fired boiler,,Low NOx Burner Technology (Dry Bottom only),Baghouse,,"ARP, CSNOX, CSOSG2E, CSSO2G1, MATS"
KY,Shawnee,1379,3,CSSH15,2024,7520,7519.2,633581.3,,1067.696,0.3003,730897.581,0.105,645.974,0.1815,6968899.92,Coal,,Dry bottom wall-fired boiler,,Low NOx Burner Technology (Dry Bottom only),Baghouse,,"ARP, CSNOX, CSOSG2E, CSSO2G1, MATS"
KY,Shawnee,1379,3,CSSH15,2025,8478,8475.8,1018382.24,,1593.228,0.2967,1126081.218,0.105,555.461,0.1034,10736864.207,Coal,,Dry bottom wall-fired boiler,,Low NOx Burner Technology (Dry Bottom only),Baghouse,,"ARP, CSNOX, CSOSG2E, CSSO2G1, MATS"
KY,Shawnee,1379,3,CSSH15,2026,4282,4281.07,480867.2,,721.471,0.2845,531890.569,0.105,258.936,0.1019,5071415.483,Coal,,Dry bottom wall-fired boiler,,Low NOx Burner Technology (Dry Bottom only),Baghouse,,"ARP, CSNOX, CSOSG2E, CSSO2G1, MATS"
KY,Shawnee,1379,4,CSSH15,2024,7030,7026.22,646310.33,,1000.951,0.2856,743269.488,0.105,599.997,0.1714,7086861.16,Coal,,Dry bottom wall-fired boiler,Dry Lime FGD,Low NOx Burner Technology (Dry Bottom only)|Selective Catalytic Reduction,Baghouse,,"ARP, CSNOX, CSOSG2E, CSSO2G1, MATS"
KY,Shawnee,1379,4,CSSH15,2025,8553,8551.31,1027438.55,,1585.964,0.2939,1135060.117,0.105,563.748,0.1043,10822473.17,Coal,,Dry bottom wall-fired boiler,Dry Lime FGD,Low NOx Burner Technology (Dry Bottom only)|Selective Catalytic Reduction,Baghouse,,"ARP, CSNOX, CSOSG2E, CSSO2G1, MATS"
KY,Shawnee,1379,4,CSSH15,2026,4344,4344.0,481997.0,,719.775,0.2837,533321.263,0.105,258.556,0.1015,5085056.3,Coal,,Dry bottom wall-fired boiler,Dry Lime FGD,Low NOx Burner Technology (Dry Bottom only)|Selective Catalytic Reduction,Baghouse,,"ARP, CSNOX, CSOSG2E, CSSO2G1, MATS"
KY,Shawnee,1379,5,CSSH15,2024,8666,8664.22,794150.78,,1322.413,0.2997,910868.895,0.105,787.683,0.1786,8684876.03,Coal,,Dry bottom wall-fired boiler,,Low NOx Burner Technology (Dry Bottom only),Baghouse,,"ARP, CSNOX, CSOSG2E, CSSO2G1, MATS"
KY,Shawnee,1379,5,CSSH15,2025,8126,8120.65,925748.01,,1447.967,0.2967,1022163.151,0.105,528.04,0.1078,9746029.601,Coal,,Dry bottom wall-fired boiler,,Low NOx Burner Technology (Dry Bottom only),Baghouse,,"ARP, CSNOX, CSOSG2E, CSSO2G1, MATS"
KY,Shawnee,1379,5,CSSH15,2026,3613,3609.56,388589.91,,594.785,0.2897,430365.479,0.105,226.094,0.1091,4103406.659,Coal,,Dry bottom wall-fired boiler,,Low NOx Burner Technology (Dry Bottom only),Baghouse,,"ARP, CSNOX, CSOSG2E, CSSO2G1, MATS"
KY,Shawnee,1379,6,CSSH60,2024,7283,7279.81,683223.65,,1636.397,0.4286,798721.57,0.105,727.187,0.1918,7615578.825,Coal,,Dry bottom wall-fired boiler,,Low NOx Burner Technology (Dry Bottom only),Baghouse,,"ARP, CSNOX, CSOSG2E, CSSO2G1, MATS"
KY,Shawnee,1379,6,CSSH60,2025,8437,8435.14,994022.11,,2360.323,0.4359,1137788.44,0.105,832.071,0.1528,10848485.181,Coal,,Dry bottom wall-fired boiler,,Low NOx Burner Technology (Dry Bottom only),Baghouse,,"ARP, CSNOX, CSOSG2E, CSSO2G1, MATS"
KY,Shawnee,1379,6,CSSH60,2026,3873,3871.05,428207.72,,1036.3,0.4512,480677.567,0.1049,384.305,0.1656,4583129.039,Coal,,Dry bottom wall-fired boiler,,Low NOx Burner Technology (Dry Bottom only),Baghouse,,"ARP, CSNOX, CSOSG2E, CSSO2G1, MATS"
KY,Shawnee,1379,7,CSSH60,2024,7613,7610.77,728757.33,,1741.696,0.429,851782.125,0.105,759.635,0.191,8121496.501,Coal,,Dry bottom wall-fired boiler,,"Low NOx Burner Technology (Dry Bottom only)|Selective Catalytic Reduction (Began Jun 17, 2024)",Baghouse,,"ARP, CSNOX, CSOSG2E, CSSO2G1, MATS"
KY,Shawnee,1379,7,CSSH60,2025,7373,7368.67,806056.24,,1946.714,0.4424,924177.684,0.105,633.317,0.1439,8811774.883,Coal,,Dry bottom wall-fired boiler,,Low NOx Burner Technology (Dry Bottom only)|Selective Catalytic Reduction,Baghouse,,"ARP, CSNOX, CSOSG2E, CSSO2G1, MATS"
KY,Shawnee,1379,7,CSSH60,2026,3744,3742.09,422166.05,,1024.471,0.4559,471537.609,0.105,355.831,0.1589,4495977.929,Coal,,Dry bottom wall-fired boiler,,Low NOx Burner Technology (Dry Bottom only)|Selective Catalytic Reduction,Baghouse,,"ARP, CSNOX, CSOSG2E, CSSO2G1, MATS"
KY,Shawnee,1379,8,CSSH60,2024,7529,7525.48,684287.13,,1672.168,0.4374,800220.321,0.105,760.102,0.2023,7629867.224,Coal,,Dry bottom wall-fired boiler,,Low NOx Burner Technology (Dry Bottom only),Baghouse,,"ARP, CSNOX, CSOSG2E, CSSO2G1, MATS"
KY,Shawnee,1379,8,CSSH60,2025,8648,8645.97,944164.51,,2241.535,0.4348,1081972.282,0.105,772.723,0.1502,10316298.059,Coal,,Dry bottom wall-fired boiler,,Low NOx Burner Technology (Dry Bottom only),Baghouse,,"ARP, CSNOX, CSOSG2E, CSSO2G1, MATS"
KY,Shawnee,1379,8,CSSH60,2026,2532,2529.7,263898.81,,657.65,0.4731,290868.864,0.105,214.994,0.1556,2773355.529,Coal,,Dry bottom wall-fired boiler,,Low NOx Burner Technology (Dry Bottom only),Baghouse,,"ARP, CSNOX, CSOSG2E, CSSO2G1, MATS"
KY,Shawnee,1379,9,CSSH60,2024,7732,7724.16,661364.56,,1594.827,0.4331,772816.699,0.105,728.138,0.2015,7368578.345,Coal,,Dry bottom wall-fired boiler,,Low NOx Burner Technology (Dry Bottom only),Baghouse,,"ARP, CSNOX, CSOSG2E, CSSO2G1, MATS"
KY,Shawnee,1379,9,CSSH60,2025,6899,6891.38,794997.5,,1863.381,0.4322,906627.987,0.105,687.593,0.1585,8644433.502,Coal,,Dry bottom wall-fired boiler,,Low NOx Burner Technology (Dry Bottom only),Baghouse,,"ARP, CSNOX, CSOSG2E, CSSO2G1, MATS"
KY,Shawnee,1379,9,CSSH60,2026,2643,2642.45,291191.73,,724.934,0.4726,321399.228,0.105,241.337,0.1579,3064453.846,Coal,,Dry bottom wall-fired boiler,,Low NOx Burner Technology (Dry Bottom only),Baghouse,,"ARP, CSNOX, CSOSG2E, CSSO2G1, MATS"
KY,Robert Reid,1383,RT,,2024,729,729.0,21613.0,,12.119,0.06,,,141.406,0.7,404013.7,Other Gas,Diesel Oil,Combustion turbine,,,,,"CSNOX, CSOSG2E, CSSO2G1"
KY,Robert Reid,1383,RT,,2025,0,0.0,,,,,,,,,,Other Gas,Diesel Oil,Combustion turbine,,,,,"CSNOX, CSOSG2E, CSSO2G1"
KY,Robert Reid,1383,RT,,2026,0,0.0,,,,,,,,,,Other Gas,Diesel Oil,Combustion turbine,,,,,"CSNOX, CSOSG2E, CSSO2G1"
KY,John S. Cooper,1384,1,CS1,2024,1916,1895.85,138977.15,,68.087,0.0866,143064.731,0.103,135.795,0.1629,1394405.613,Coal,,Dry bottom wall-fired boiler,Dry Lime FGD,Low NOx Burner Technology (Dry Bottom only),Electrostatic Precipitator|Baghouse,,"ARP, CSNOX, CSOSG2E, CSSO2G1, MATS"
KY,John S. Cooper,1384,1,CS1,2025,2131,2100.04,166245.78,,61.614,0.0767,168559.784,0.103,159.253,0.165,1642879.725,Coal,,Dry bottom wall-fired boiler,Dry Lime FGD,Low NOx Burner Technology (Dry Bottom only),Electrostatic Precipitator|Baghouse,,"ARP, CSNOX, CSOSG2E, CSSO2G1, MATS"
KY,John S. Cooper,1384,1,CS1,2026,869,856.52,76979.1,,77.307,0.2016,75345.903,0.103,85.071,0.2019,734362.242,Coal,,Dry bottom wall-fired boiler,Dry Lime FGD,Low NOx Burner Technology (Dry Bottom only),Electrostatic Precipitator|Baghouse,,"ARP, CSNOX, CSOSG2E, CSSO2G1, MATS"
KY,John S. Cooper,1384,2,CS1,2024,2518,2498.88,365122.3,,66.14,0.0454,370481.647,0.103,196.978,0.1059,3610952.239,Coal,,Dry bottom wall-fired boiler,Dry Lime FGD,Low NOx Burner Technology (Dry Bottom only)|Selective Catalytic Reduction,Baghouse,,"ARP, CSNOX, CSOSG2E, CSSO2G1, MATS"
KY,John S. Cooper,1384,2,CS1,2025,2773,2753.68,419618.52,,78.517,0.046,418332.071,0.103,250.578,0.1213,4077316.311,Coal,,Dry bottom wall-fired boiler,Dry Lime FGD,Low NOx Burner Technology (Dry Bottom only)|Selective Catalytic Reduction,Baghouse,,"ARP, CSNOX, CSOSG2E, CSSO2G1, MATS"
KY,John S. Cooper,1384,2,CS1,2026,1799,1788.84,299424.08,,67.446,0.0716,287632.154,0.103,131.22,0.0948,2803445.235,Coal,,Dry bottom wall-fired boiler,Dry Lime FGD,Low NOx Burner Technology (Dry Bottom only)|Selective Catalytic Reduction,Baghouse,,"ARP, CSNOX, CSOSG2E, CSSO2G1, MATS"
KY,East Bend,6018,2,,2024,6112,6100.28,2519814.06,,1813.622,0.1306,2778102.711,0.103,2094.271,0.1546,27077035.594,Coal,,Dry bottom wall-fired boiler,Wet Lime FGD,Selective Catalytic Reduction|Overfire Air,Electrostatic Precipitator|Wet Scrubber,,"ARP, CSNOX, CSOSG2E, CSSO2G1, MATS"
KY,East Bend,6018,2,,2025,6287,6281.0,2875023.05,,1901.776,0.1255,3042899.776,0.103,2957.649,0.1937,29657908.662,Coal,,Dry bottom wall-fired boiler,Wet Lime FGD,Selective Catalytic Reduction|Overfire Air,Electrostatic Precipitator|Wet Scrubber,,"ARP, CSNOX, CSOSG2E, CSSO2G1, MATS"
KY,East Bend,6018,2,,2026,3785,3779.31,1815577.99,,1035.018,0.11,1895842.86,0.103,2045.734,0.2059,18477981.536,Coal,,Dry bottom wall-fired boiler,Wet Lime FGD,Selective Catalytic Reduction|Overfire Air,Electrostatic Precipitator|Wet Scrubber,,"ARP, CSNOX, CSOSG2E, CSSO2G1, MATS"
KY,H L Spurlock,6041,1,,2024,7289,7283.98,1986780.55,,621.394,0.0601,1949756.124,0.103,837.459,0.088,19003500.447,Coal,,Dry bottom wall-fired boiler,Wet Limestone,Selective Catalytic Reduction|Low NOx Burner Technology (Dry Bottom only),Electrostatic Precipitator|Wet ESP|Wet Scrubber,,"ARP, CSNOX, CSOSG2E, CSSO2G1, MATS"
KY,H L Spurlock,6041,1,,2025,7448,7442.35,2164702.33,,946.374,0.0882,2068686.348,0.103,867.07,0.0857,20162636.571,Coal,,Dry bottom wall-fired boiler,Wet Limestone,Selective Catalytic Reduction|Low NOx Burner Technology (Dry Bottom only),Electrostatic Precipitator|Wet ESP|Wet Scrubber,,"ARP, CSNOX, CSOSG2E, CSSO2G1, MATS"
KY,H L Spurlock,6041,1,,2026,4010,4001.0,1009518.39,,185.128,0.0344,976188.72,0.103,420.331,0.0878,9514494.167,Coal,,Dry bottom wall-fired boiler,Wet Limestone,Selective Catalytic Reduction|Low NOx Burner Technology (Dry Bottom only),Electrostatic Precipitator|Wet ESP|Wet Scrubber,,"ARP, CSNOX, CSOSG2E, CSSO2G1, MATS"
KY,H L Spurlock,6041,2,,2024,6558,6542.98,2886360.33,,1389.891,0.0874,3051180.183,0.103,1306.781,0.0888,29738609.654,Coal,,Tangentially-fired,Wet Limestone,Selective Catalytic Reduction|Low NOx Burner Technology w/ Closed-coupled OFA,Wet ESP|Wet Scrubber|Electrostatic Precipitator,,"ARP, CSNOX, CSOSG2E, CSSO2G1, MATS"
KY,H L Spurlock,6041,2,,2025,7379,7373.65,3465337.29,,1329.349,0.0717,3667585.538,0.103,1534.316,0.0864,35746444.91,Coal,,Tangentially-fired,Wet Limestone,Selective Catalytic Reduction|Low NOx Burner Technology w/ Closed-coupled OFA,Wet ESP|Wet Scrubber|Electrostatic Precipitator,,"ARP, CSNOX, CSOSG2E, CSSO2G1, MATS"
KY,H L Spurlock,6041,2,,2026,3353,3348.72,1469278.37,,524.611,0.0664,1522394.22,0.103,648.845,0.0887,14838147.701,Coal,,Tangentially-fired,Wet Limestone,Selective Catalytic Reduction|Low NOx Burner Technology w/ Closed-coupled OFA,Wet ESP|Wet Scrubber|Electrostatic Precipitator,,"ARP, CSNOX, CSOSG2E, CSSO2G1, MATS"
KY,H L Spurlock,6041,3,,2024,6338,6334.58,1753730.09,,1077.1,0.1377,1632454.076,0.103,497.239,0.064,15910860.228,Coal,,Circulating fluidized bed boiler,Dry Lime FGD|Fluidized Bed Limestone Injection,Selective Non-catalytic Reduction,Baghouse,,"ARP, CSNOX, CSOSG2E, CSSO2G1, MATS"
KY,H L Spurlock,6041,3,,2025,7128,7112.95,1958074.84,,1282.754,0.1671,1867436.941,0.103,573.203,0.0667,18201165.298,Coal,,Circulating fluidized bed boiler,Dry Lime FGD|Fluidized Bed Limestone Injection,Selective Non-catalytic Reduction,Baghouse,,"ARP, CSNOX, CSOSG2E, CSSO2G1, MATS"
KY,H L Spurlock,6041,3,,2026,3333,3326.52,877620.21,,526.918,0.1432,839876.527,0.103,266.806,0.0691,8185920.816,Coal,,Circulating fluidized bed boiler,Dry Lime FGD|Fluidized Bed Limestone Injection,Selective Non-catalytic Reduction,Baghouse,,"ARP, CSNOX, CSOSG2E, CSSO2G1, MATS"
KY,H L Spurlock,6041,4,,2024,6959,6949.64,1882726.17,,814.95,0.1314,1655648.634,0.103,497.302,0.0638,16136948.813,Coal,,Circulating fluidized bed boiler,Dry Lime FGD|Fluidized Bed Limestone Injection,Selective Non-catalytic Reduction,Baghouse,,"ARP, CSNOX, CSOSG2E, CSSO2G1, MATS"
KY,H L Spurlock,6041,4,,2025,7748,7741.47,2174149.88,,1035.068,0.1436,1942124.283,0.103,580.518,0.0641,18929091.875,Coal,,Circulating fluidized bed boiler,Dry Lime FGD|Fluidized Bed Limestone Injection,Selective Non-catalytic Reduction,Baghouse,,"ARP, CSNOX, CSOSG2E, CSSO2G1, MATS"
KY,H L Spurlock,6041,4,,2026,4344,4343.52,1190955.72,,481.096,0.0991,1051545.029,0.103,308.876,0.0611,10249020.059,Coal,,Circulating fluidized bed boiler,Dry Lime FGD|Fluidized Bed Limestone Injection,Selective Non-catalytic Reduction,Baghouse,,"ARP, CSNOX, CSOSG2E, CSSO2G1, MATS"
KY,Trimble County,6071,1,,2024,8372,8362.3,3832844.21,,2347.486,0.1354,3516173.575,0.103,1276.386,0.0794,34270672.395,Coal,Diesel Oil,Tangentially-fired,Wet Limestone,Low NOx Burner Technology w/ Closed-coupled OFA|Selective Catalytic Reduction,Baghouse|Electrostatic Precipitator|Wet Scrubber,Additives to Enhance PAC and Existing Equipment Performance|Untreated PAC Sorbent Injection,"ARP, CSNOX, CSOSG2E, CSSO2G1, MATS"
KY,Trimble County,6071,1,,2025,7721,7710.52,3758563.95,,2619.708,0.1547,3400681.598,0.103,1187.586,0.0721,33145031.107,Coal,Diesel Oil,Tangentially-fired,Wet Limestone,Low NOx Burner Technology w/ Closed-coupled OFA|Selective Catalytic Reduction,Baghouse|Electrostatic Precipitator|Wet Scrubber,Additives to Enhance PAC and Existing Equipment Performance|Untreated PAC Sorbent Injection,"ARP, CSNOX, CSOSG2E, CSSO2G1, MATS"
KY,Trimble County,6071,1,,2026,1416,1414.81,677331.95,,497.77,0.1818,624924.348,0.1029,224.363,0.0748,6090862.122,Coal,Diesel Oil,Tangentially-fired,Wet Limestone,Low NOx Burner Technology w/ Closed-coupled OFA|Selective Catalytic Reduction,Baghouse|Electrostatic Precipitator|Wet Scrubber,Additives to Enhance PAC and Existing Equipment Performance|Untreated PAC Sorbent Injection,"ARP, CSNOX, CSOSG2E, CSSO2G1, MATS"
KY,Trimble County,6071,10,,2024,1166,1093.63,162682.08,,0.518,0.001,102648.805,0.059,31.465,0.0411,1727280.183,Pipeline Natural Gas,,Combustion turbine,,Dry Low NOx Burners,,,"ARP, CSNOX, CSOSG2E, CSSO2G1"
KY,Trimble County,6071,10,,2025,609,585.88,67521.27,,0.234,0.001,46305.025,0.059,12.688,0.0353,779162.049,Pipeline Natural Gas,,Combustion turbine,,Dry Low NOx Burners,,,"ARP, CSNOX, CSOSG2E, CSSO2G1"
KY,Trimble County,6071,10,,2026,635,612.0,79811.51,,0.268,0.001,52993.593,0.059,15.965,0.0388,891720.088,Pipeline Natural Gas,,Combustion turbine,,Dry Low NOx Burners,,,"ARP, CSNOX, CSOSG2E, CSSO2G1"
KY,Trimble County,6071,2,"MS-2A, MS-2B",2024,6731,6716.2,4324896.21,,1206.165,0.0832,3854095.999,0.105,788.876,0.0457,36747606.146,Coal,,Dry bottom wall-fired boiler,Wet Limestone,Selective Catalytic Reduction,Baghouse|Electrostatic Precipitator|Wet ESP|Wet Scrubber,Additives to Enhance PAC and Existing Equipment Performance|Untreated PAC Sorbent Injection,"ARP, CSNOX, CSOSG2E, CSSO2G1, MATS"
KY,Trimble County,6071,2,"MS-2A, MS-2B",2025,7064,7052.96,4808516.33,,1494.03,0.0738,4250979.56,0.105,777.4,0.0404,40531842.766,Coal,,Dry bottom wall-fired boiler,Wet Limestone,Selective Catalytic Reduction,Baghouse|Electrostatic Precipitator|Wet ESP|Wet Scrubber,Additives to Enhance PAC and Existing Equipment Performance|Untreated PAC Sorbent Injection,"ARP, CSNOX, CSOSG2E, CSSO2G1, MATS"
KY,Trimble County,6071,2,"MS-2A, MS-2B",2026,3645,3640.83,2525368.88,,608.006,0.0585,2219138.37,0.105,426.406,0.0431,21158817.406,Coal,,Dry bottom wall-fired boiler,Wet Limestone,Selective Catalytic Reduction,Baghouse|Electrostatic Precipitator|Wet ESP|Wet Scrubber,Additives to Enhance PAC and Existing Equipment Performance|Untreated PAC Sorbent Injection,"ARP, CSNOX, CSOSG2E, CSSO2G1, MATS"
KY,Trimble County,6071,5,,2024,1256,1206.87,182708.99,,0.59,0.001,116896.687,0.059,37.41,0.0419,1967013.929,Pipeline Natural Gas,,Combustion turbine,,Dry Low NOx Burners,,,"ARP, CSNOX, CSOSG2E, CSSO2G1"
KY,Trimble County,6071,5,,2025,1969,1896.95,212852.34,,0.762,0.001,151008.727,0.059,42.099,0.0363,2541026.928,Pipeline Natural Gas,,Combustion turbine,,Dry Low NOx Burners,,,"ARP, CSNOX, CSOSG2E, CSSO2G1"
KY,Trimble County,6071,5,,2026,1691,1644.26,234548.85,,0.775,0.001,153598.459,0.059,49.349,0.0407,2584592.198,Pipeline Natural Gas,,Combustion turbine,,Dry Low NOx Burners,,,"ARP, CSNOX, CSOSG2E, CSSO2G1"
KY,Trimble County,6071,6,,2024,1323,1239.44,185841.25,,0.607,0.001,120137.254,0.059,36.976,0.0413,2021533.023,Pipeline Natural Gas,,Combustion turbine,,Dry Low NOx Burners,,,"ARP, CSNOX, CSOSG2E, CSSO2G1"
KY,Trimble County,6071,6,,2025,1055,985.21,117169.76,,0.413,0.001,81868.819,0.059,22.562,0.0373,1377598.382,Pipeline Natural Gas,,Combustion turbine,,Dry Low NOx Burners,,,"ARP, CSNOX, CSOSG2E, CSSO2G1"
KY,Trimble County,6071,6,,2026,674,643.34,90964.97,,0.304,0.001,60293.388,0.059,19.276,0.0416,1014563.877,Pipeline Natural Gas,,Combustion turbine,,Dry Low NOx Burners,,,"ARP, CSNOX, CSOSG2E, CSSO2G1"
KY,Trimble County,6071,7,,2024,3579,3531.9,531391.75,,1.696,0.001,336033.07,0.059,95.03,0.0361,5654402.812,Pipeline Natural Gas,,Combustion turbine,,Dry Low NOx Burners,,,"ARP, CSNOX, CSOSG2E, CSSO2G1"
KY,Trimble County,6071,7,,2025,2898,2835.57,309055.87,,1.103,0.001,218424.929,0.059,59.516,0.0361,3675402.83,Pipeline Natural Gas,,Combustion turbine,,Dry Low NOx Burners,,,"ARP, CSNOX, CSOSG2E, CSSO2G1"
KY,Trimble County,6071,7,,2026,1770,1733.66,241082.56,,0.795,0.001,157568.219,0.059,46.847,0.0398,2651379.476,Pipeline Natural Gas,,Combustion turbine,,Dry Low NOx Burners,,,"ARP, CSNOX, CSOSG2E, CSSO2G1"
KY,Trimble County,6071,8,,2024,615,566.79,77513.37,,0.259,0.001,51290.834,0.059,16.289,0.0452,863070.201,Pipeline Natural Gas,,Combustion turbine,,Dry Low NOx Burners,,,"ARP, CSNOX, CSOSG2E, CSSO2G1"
KY,Trimble County,6071,8,,2025,640,592.26,69779.23,,0.245,0.001,48585.632,0.059,14.852,0.0431,817529.926,Pipeline Natural Gas,,Combustion turbine,,Dry Low NOx Burners,,,"ARP, CSNOX, CSOSG2E, CSSO2G1"
KY,Trimble County,6071,8,,2026,997,951.92,133500.11,,0.44,0.001,87179.607,0.059,25.565,0.038,1466957.468,Pipeline Natural Gas,,Combustion turbine,,Dry Low NOx Burners,,,"ARP, CSNOX, CSOSG2E, CSSO2G1"
KY,Trimble County,6071,9,,2024,2859,2797.39,423167.99,,1.352,0.001,267849.191,0.059,80.144,0.0374,4507064.827,Pipeline Natural Gas,,Combustion turbine,,Dry Low NOx Burners,,,"ARP, CSNOX, CSOSG2E, CSSO2G1"
KY,Trimble County,6071,9,,2025,2599,2506.89,273796.85,,0.98,0.001,194165.448,0.059,54.167,0.0361,3267216.31,Pipeline Natural Gas,,Combustion turbine,,Dry Low NOx Burners,,,"ARP, CSNOX, CSOSG2E, CSSO2G1"
KY,Trimble County,6071,9,,2026,1611,1581.04,209036.51,,0.7,0.001,138621.66,0.059,40.993,0.0366,2332584.553,Pipeline Natural Gas,,Combustion turbine,,Dry Low NOx Burners,,,"ARP, CSNOX, CSOSG2E, CSSO2G1"
KY,R D Green,6639,G1,,2024,3619,3579.88,450835.03,,1.426,0.001,282426.655,0.059,196.716,0.0761,4752329.862,Pipeline Natural Gas,,Dry bottom wall-fired boiler,,,,,"ARP, CSNOX, CSOSG2E, CSSO2G1, MATS"
KY,R D Green,6639,G1,,2025,2908,2878.78,316376.79,,0.991,0.001,196254.399,0.0585,138.323,0.0796,3302518.164,Pipeline Natural Gas,,Dry bottom wall-fired boiler,,,,,"ARP, CSNOX, CSOSG2E, CSSO2G1, MATS"
KY,R D Green,6639,G1,,2026,826,811.27,71404.23,,0.269,0.001,53302.99,0.0591,38.897,0.0743,896894.225,Pipeline Natural Gas,,Dry bottom wall-fired boiler,,,,,"ARP, CSNOX, CSOSG2E, CSSO2G1, MATS"
KY,R D Green,6639,G2,,2024,3151,3109.9,345943.53,,1.132,0.001,224169.051,0.0594,169.302,0.0801,3772057.267,Pipeline Natural Gas,,Dry bottom wall-fired boiler,,,,,"ARP, CSNOX, CSOSG2E, CSSO2G1, MATS"
KY,R D Green,6639,G2,,2025,3766,3740.14,517865.31,,1.757,0.001,348092.219,0.0591,251.136,0.0852,5857350.134,Pipeline Natural Gas,,Dry bottom wall-fired boiler,,,,,"ARP, CSNOX, CSOSG2E, CSSO2G1, MATS"
KY,R D Green,6639,G2,,2026,799,789.71,89844.54,,0.321,0.001,63600.718,0.0591,46.626,0.077,1070192.173,Pipeline Natural Gas,,Dry bottom wall-fired boiler,,,,,"ARP, CSNOX, CSOSG2E, CSSO2G1, MATS"
KY,D B Wilson,6823,W1,,2024,7027,7009.97,2732023.93,,3017.389,0.201,2952000.564,0.103,1985.637,0.1342,28771911.054,Coal,,Dry bottom wall-fired boiler,Wet Limestone,Selective Catalytic Reduction|Low NOx Burner Technology (Dry Bottom only),Electrostatic Precipitator,,"ARP, CSNOX, CSOSG2E, CSSO2G1, MATS"
KY,D B Wilson,6823,W1,,2025,6982,6949.58,2578370.7,,4478.516,0.3,2887362.167,0.103,2233.745,0.1554,28141974.92,Coal,,Dry bottom wall-fired boiler,Wet Limestone,Selective Catalytic Reduction|Low NOx Burner Technology (Dry Bottom only),Electrostatic Precipitator,,"ARP, CSNOX, CSOSG2E, CSSO2G1, MATS"
KY,D B Wilson,6823,W1,,2026,2387,2366.26,690412.8,,682.887,0.1651,837569.731,0.1029,1022.946,0.2258,8163438.746,Coal,,Dry bottom wall-fired boiler,Wet Limestone,Selective Catalytic Reduction|Low NOx Burner Technology (Dry Bottom only),Electrostatic Precipitator,,"ARP, CSNOX, CSOSG2E, CSSO2G1, MATS"
KY,Bluegrass Generating Station,55164,GTG1,,2024,548,469.84,56380.31,,0.198,0.001,39515.374,0.0591,22.93,0.0723,664504.198,Pipeline Natural Gas,Diesel Oil,Combustion turbine,,Dry Low NOx Burners|Selective Catalytic Reduction,,,"ARP, CSNOX, CSOSG2E, CSSO2G1"
KY,Bluegrass Generating Station,55164,GTG1,,2025,815,717.0,91047.06,,0.316,0.001,62826.894,0.0592,37.591,0.0729,1055063.159,Pipeline Natural Gas,Diesel Oil,Combustion turbine,,Dry Low NOx Burners|Selective Catalytic Reduction,,,"ARP, CSNOX, CSOSG2E, CSSO2G1"
KY,Bluegrass Generating Station,55164,GTG1,,2026,342,314.29,47110.3,,0.158,0.001,31276.3,0.0597,20.592,0.0814,522218.247,Pipeline Natural Gas,Diesel Oil,Combustion turbine,,Dry Low NOx Burners|Selective Catalytic Reduction,,,"ARP, CSNOX, CSOSG2E, CSSO2G1"
KY,Bluegrass Generating Station,55164,GTG2,,2024,205,165.54,18793.98,,0.067,0.001,13383.925,0.0599,7.424,0.0739,224401.514,Pipeline Natural Gas,Diesel Oil,Combustion turbine,,Dry Low NOx Burners|Selective Catalytic Reduction,,,"ARP, CSNOX, CSOSG2E, CSSO2G1"
KY,Bluegrass Generating Station,55164,GTG2,,2025,677,596.3,77078.39,,0.266,0.001,52890.288,0.0592,33.635,0.0773,887602.606,Pipeline Natural Gas,Diesel Oil,Combustion turbine,,Dry Low NOx Burners|Selective Catalytic Reduction,,,"ARP, CSNOX, CSOSG2E, CSSO2G1"
KY,Bluegrass Generating Station,55164,GTG2,,2026,321,297.36,45062.51,,0.15,0.001,29834.489,0.0597,21.742,0.0893,497942.389,Pipeline Natural Gas,Diesel Oil,Combustion turbine,,Dry Low NOx Burners|Selective Catalytic Reduction,,,"ARP, CSNOX, CSOSG2E, CSSO2G1"
KY,Bluegrass Generating Station,55164,GTG3,,2024,373,318.79,38796.58,,0.134,0.001,26819.743,0.0592,17.94,0.0815,450869.336,Pipeline Natural Gas,Diesel Oil,Combustion turbine,,Dry Low NOx Burners,,,"ARP, CSNOX, CSOSG2E, CSSO2G1"
KY,Bluegrass Generating Station,55164,GTG3,,2025,416,344.63,41423.42,,0.145,0.001,28892.896,0.0603,17.161,0.0693,484146.474,Pipeline Natural Gas,Diesel Oil,Combustion turbine,,Dry Low NOx Burners,,,"ARP, CSNOX, CSOSG2E, CSSO2G1"
KY,Bluegrass Generating Station,55164,GTG3,,2026,48,36.94,4234.28,,0.015,0.001,3019.556,0.0614,1.496,0.0681,50290.586,Pipeline Natural Gas,Diesel Oil,Combustion turbine,,Dry Low NOx Burners,,,"ARP, CSNOX, CSOSG2E, CSSO2G1"
KY,Riverside Generating Company,55198,GTG101,,2024,1112,996.92,143506.06,,0.495,0.001,98125.984,0.059,44.0,0.056,1651151.369,Pipeline Natural Gas,,Combustion turbine,,Dry Low NOx Burners,,,"ARP, CSNOX, CSOSG2E, CSSO2G1"
KY,Riverside Generating Company,55198,GTG101,,2025,1564,1403.65,193253.08,,0.657,0.001,130212.082,0.059,60.371,0.0572,2191075.243,Pipeline Natural Gas,,Combustion turbine,,Dry Low NOx Burners,,,"ARP, CSNOX, CSOSG2E, CSSO2G1"
KY,Riverside Generating Company,55198,GTG101,,2026,516,479.48,67151.9,,0.233,0.001,46239.615,0.0589,18.668,0.0491,778049.162,Pipeline Natural Gas,,Combustion turbine,,Dry Low NOx Burners,,,"ARP, CSNOX, CSOSG2E, CSSO2G1"
KY,Riverside Generating Company,55198,GTG201,,2024,909,817.7,118632.74,,0.405,0.001,80276.474,0.059,34.184,0.0519,1350810.942,Pipeline Natural Gas,,Combustion turbine,,Dry Low NOx Burners,,,"ARP, CSNOX, CSOSG2E, CSSO2G1"
KY,Riverside Generating Company,55198,GTG201,,2025,834,751.96,110099.16,,0.366,0.001,72420.703,0.059,31.252,0.0545,1218627.833,Pipeline Natural Gas,,Combustion turbine,,Dry Low NOx Burners,,,"ARP, CSNOX, CSOSG2E, CSSO2G1"
KY,Riverside Generating Company,55198,GTG201,,2026,531,486.81,68026.86,,0.234,0.001,46350.764,0.059,21.458,0.0582,779940.715,Pipeline Natural Gas,,Combustion turbine,,Dry Low NOx Burners,,,"ARP, CSNOX, CSOSG2E, CSSO2G1"
KY,Riverside Generating Company,55198,GTG301,,2024,819,717.48,103232.53,,0.353,0.001,69936.581,0.059,29.981,0.0555,1176825.49,Pipeline Natural Gas,,Combustion turbine,,Dry Low NOx Burners,,,"ARP, CSNOX, CSOSG2E, CSSO2G1"
KY,Riverside Generating Company,55198,GTG301,,2025,1389,1257.7,181513.09,,0.621,0.001,123005.37,0.059,50.012,0.0509,2069801.063,Pipeline Natural Gas,,Combustion turbine,,Dry Low NOx Burners,,,"ARP, CSNOX, CSOSG2E, CSSO2G1"
KY,Riverside Generating Company,55198,GTG301,,2026,516,484.73,69960.42,,0.239,0.001,47398.402,0.059,20.304,0.052,797556.071,Pipeline Natural Gas,,Combustion turbine,,Dry Low NOx Burners,,,"ARP, CSNOX, CSOSG2E, CSSO2G1"
KY,Riverside Generating Company,55198,GTG401,,2024,670,608.19,88754.19,,0.306,0.001,60631.744,0.059,29.495,0.0593,1020247.824,Pipeline Natural Gas,,Combustion turbine,,Dry Low NOx Burners|Water Injection|Selective Catalytic Reduction,,,"ARP, CSNOX, CSOSG2E, CSSO2G1"
KY,Riverside Generating Company,55198,GTG401,,2025,1014,904.82,130952.59,,0.453,0.001,89736.609,0.059,45.463,0.0624,1509994.194,Pipeline Natural Gas,,Combustion turbine,,Dry Low NOx Burners|Water Injection|Selective Catalytic Reduction,,,"ARP, CSNOX, CSOSG2E, CSSO2G1"
KY,Riverside Generating Company,55198,GTG401,,2026,333,296.15,40828.47,,0.144,0.001,28454.252,0.059,14.131,0.0616,478794.479,Pipeline Natural Gas,,Combustion turbine,,Dry Low NOx Burners|Water Injection|Selective Catalytic Reduction,,,"ARP, CSNOX, CSOSG2E, CSSO2G1"
KY,Riverside Generating Company,55198,GTG501,,2024,645,579.95,86323.85,,0.294,0.001,58217.61,0.059,25.888,0.0556,979617.039,Pipeline Natural Gas,,Combustion turbine,,Dry Low NOx Burners|Water Injection|Selective Catalytic Reduction,,,"ARP, CSNOX, CSOSG2E, CSSO2G1"
KY,Riverside Generating Company,55198,GTG501,,2025,1207,1084.83,159302.33,,0.545,0.001,108026.387,0.059,44.607,0.0524,1817758.981,Pipeline Natural Gas,,Combustion turbine,,Dry Low NOx Burners|Water Injection|Selective Catalytic Reduction,,,"ARP, CSNOX, CSOSG2E, CSSO2G1"
KY,Riverside Generating Company,55198,GTG501,,2026,454,410.6,58546.96,,0.207,0.001,40991.253,0.059,16.063,0.0507,689765.09,Pipeline Natural Gas,,Combustion turbine,,Dry Low NOx Burners|Water Injection|Selective Catalytic Reduction,,,"ARP, CSNOX, CSOSG2E, CSSO2G1"
KY,Marshall County,55232,CT1,,2024,115,96.84,6711.06,,0.051,0.0019,4863.58,0.0599,1.318,0.037,81061.112,Pipeline Natural Gas,Diesel Oil,Combustion turbine,,Water Injection|Dry Low NOx Burners,,,"ARP, CSNOX, CSOSG2E, CSSO2G1"
KY,Marshall County,55232,CT1,,2025,180,158.68,13558.4,,0.071,0.0017,9420.655,0.0595,2.746,0.0385,157873.184,Pipeline Natural Gas,Diesel Oil,Combustion turbine,,Water Injection|Dry Low NOx Burners,,,"ARP, CSNOX, CSOSG2E, CSSO2G1"
KY,Marshall County,55232,CT1,,2026,56,45.75,3531.47,,0.014,0.0012,2482.712,0.0595,0.708,0.0396,41681.051,Pipeline Natural Gas,Diesel Oil,Combustion turbine,,Water Injection|Dry Low NOx Burners,,,"ARP, CSNOX, CSOSG2E, CSSO2G1"
KY,Marshall County,55232,CT2,,2024,118,98.04,6534.73,,0.054,0.0019,4831.163,0.0606,1.214,0.0359,80418.91,Pipeline Natural Gas,Diesel Oil,Combustion turbine,,Water Injection|Dry Low NOx Burners,,,"ARP, CSNOX, CSOSG2E, CSSO2G1"
KY,Marshall County,55232,CT2,,2025,175,154.57,12690.53,,0.073,0.0017,8905.438,0.0602,2.475,0.0369,149093.762,Pipeline Natural Gas,Diesel Oil,Combustion turbine,,Water Injection|Dry Low NOx Burners,,,"ARP, CSNOX, CSOSG2E, CSSO2G1"
KY,Marshall County,55232,CT2,,2026,61,52.27,3926.77,,0.016,0.0011,2861.744,0.0594,0.759,0.0375,48050.884,Pipeline Natural Gas,Diesel Oil,Combustion turbine,,Water Injection|Dry Low NOx Burners,,,"ARP, CSNOX, CSOSG2E, CSSO2G1"
KY,Marshall County,55232,CT3,,2024,178,155.18,11427.31,,0.072,0.0016,8110.716,0.0601,2.102,0.0339,135566.294,Pipeline Natural Gas,Diesel Oil,Combustion turbine,,Water Injection|Dry Low NOx Burners,,,"ARP, CSNOX, CSOSG2E, CSSO2G1"
KY,Marshall County,55232,CT3,,2025,239,215.67,18517.49,,0.097,0.0016,12803.175,0.0595,3.41,0.0343,214564.918,Pipeline Natural Gas,Diesel Oil,Combustion turbine,,Water Injection|Dry Low NOx Burners,,,"ARP, CSNOX, CSOSG2E, CSSO2G1"
KY,Marshall County,55232,CT3,,2026,72,63.38,5165.7,,0.019,0.0011,3596.021,0.0592,0.881,0.0335,60410.432,Pipeline Natural Gas,Diesel Oil,Combustion turbine,,Water Injection|Dry Low NOx Burners,,,"ARP, CSNOX, CSOSG2E, CSSO2G1"
KY,Marshall County,55232,CT4,,2024,167,141.98,9605.0,,0.067,0.0016,6997.578,0.0604,1.682,0.0334,116819.129,Pipeline Natural Gas,Diesel Oil,Combustion turbine,,Water Injection|Dry Low NOx Burners,,,"ARP, CSNOX, CSOSG2E, CSSO2G1"
KY,Marshall County,55232,CT4,,2025,209,187.74,15760.72,,0.083,0.0017,11035.6,0.0598,2.858,0.0345,184946.928,Pipeline Natural Gas,Diesel Oil,Combustion turbine,,Water Injection|Dry Low NOx Burners,,,"ARP, CSNOX, CSOSG2E, CSSO2G1"
KY,Marshall County,55232,CT4,,2026,71,63.13,5071.93,,0.019,0.0011,3560.558,0.0597,0.852,0.0304,59819.185,Pipeline Natural Gas,Diesel Oil,Combustion turbine,,Water Injection|Dry Low NOx Burners,,,"ARP, CSNOX, CSOSG2E, CSSO2G1"
KY,Marshall County,55232,CT5,,2024,167,142.79,10255.36,,0.058,0.0016,7268.998,0.0604,1.893,0.0335,121691.949,Pipeline Natural Gas,Diesel Oil,Combustion turbine,,Water Injection|Dry Low NOx Burners,,,"ARP, CSNOX, CSOSG2E, CSSO2G1"
KY,Marshall County,55232,CT5,,2025,223,201.94,17408.98,,0.065,0.001,11925.031,0.0598,3.096,0.0325,200470.623,Pipeline Natural Gas,Diesel Oil,Combustion turbine,,Water Injection|Dry Low NOx Burners,,,"ARP, CSNOX, CSOSG2E, CSSO2G1"
KY,Marshall County,55232,CT5,,2026,60,49.53,3903.97,,0.016,0.0011,2751.29,0.0608,0.711,0.0343,46161.073,Pipeline Natural Gas,Diesel Oil,Combustion turbine,,Water Injection|Dry Low NOx Burners,,,"ARP, CSNOX, CSOSG2E, CSSO2G1"
KY,Marshall County,55232,CT6,,2024,124,102.76,7062.73,,0.052,0.0016,5097.571,0.0606,1.444,0.0377,85026.746,Pipeline Natural Gas,Diesel Oil,Combustion turbine,,Water Injection|Dry Low NOx Burners,,,"ARP, CSNOX, CSOSG2E, CSSO2G1"
KY,Marshall County,55232,CT6,,2025,228,205.32,17580.28,,0.067,0.0011,12161.553,0.0599,3.395,0.0346,204409.402,Pipeline Natural Gas,Diesel Oil,Combustion turbine,,Water Injection|Dry Low NOx Burners,,,"ARP, CSNOX, CSOSG2E, CSSO2G1"
KY,Marshall County,55232,CT6,,2026,64,55.44,4304.5,,0.017,0.0011,3045.942,0.0594,0.83,0.0355,51133.653,Pipeline Natural Gas,Diesel Oil,Combustion turbine,,Water Injection|Dry Low NOx Burners,,,"ARP, CSNOX, CSOSG2E, CSSO2G1"
KY,Marshall County,55232,CT7,,2024,149,126.96,9276.79,,0.065,0.002,6785.635,0.0602,1.759,0.0368,113279.035,Pipeline Natural Gas,Diesel Oil,Combustion turbine,,Water Injection|Dry Low NOx Burners,,,"ARP, CSNOX, CSOSG2E, CSSO2G1"
KY,Marshall County,55232,CT7,,2025,234,209.54,18134.83,,0.072,0.0011,12825.589,0.0597,3.074,0.0319,215512.438,Pipeline Natural Gas,Diesel Oil,Combustion turbine,,Water Injection|Dry Low NOx Burners,,,"ARP, CSNOX, CSOSG2E, CSSO2G1"
KY,Marshall County,55232,CT7,,2026,124,116.64,10071.91,,0.038,0.001,7225.197,0.0591,1.707,0.0298,121482.314,Pipeline Natural Gas,Diesel Oil,Combustion turbine,,Water Injection|Dry Low NOx Burners,,,"ARP, CSNOX, CSOSG2E, CSSO2G1"
KY,Marshall County,55232,CT8,,2024,138,117.84,8754.92,,0.062,0.002,6365.372,0.06,1.653,0.0355,106217.917,Pipeline Natural Gas,Diesel Oil,Combustion turbine,,Water Injection|Dry Low NOx Burners,,,"ARP, CSNOX, CSOSG2E, CSSO2G1"
KY,Marshall County,55232,CT8,,2025,242,213.64,18677.04,,0.075,0.0011,12955.463,0.0592,3.37,0.0343,217643.893,Pipeline Natural Gas,Diesel Oil,Combustion turbine,,Water Injection|Dry Low NOx Burners,,,"ARP, CSNOX, CSOSG2E, CSSO2G1"
KY,Marshall County,55232,CT8,,2026,124,116.04,10230.36,,0.037,0.001,7052.873,0.0591,1.634,0.0288,118608.068,Pipeline Natural Gas,Diesel Oil,Combustion turbine,,Water Injection|Dry Low NOx Burners,,,"ARP, CSNOX, CSOSG2E, CSSO2G1"
KY,"DTE Calvert City, LLC",55308,A,,2024,3508,3507.23,,363819.22,,,,,13.149,0.0852,308821.4,Pipeline Natural Gas,,Other boiler,,,,,SIPNOX
KY,"DTE Calvert City, LLC",55308,A,,2025,2991,2990.44,,314344.1,,,,,9.342,0.0829,225614.0,Pipeline Natural Gas,,Other boiler,,,,,SIPNOX
KY,"DTE Calvert City, LLC",55308,A,,2026,1315,1314.33,,140176.67,,,,,3.955,0.087,90892.6,Pipeline Natural Gas,,Other boiler,,,,,SIPNOX
KY,"DTE Calvert City, LLC",55308,B,,2024,3119,3111.37,,356014.18,,,,,11.818,0.0851,277649.2,Pipeline Natural Gas,,Other boiler,,,,,SIPNOX
KY,"DTE Calvert City, LLC",55308,B,,2025,2961,2957.09,,288727.13,,,,,8.346,0.0843,197954.0,Pipeline Natural Gas,,Other boiler,,,,,SIPNOX
KY,"DTE Calvert City, LLC",55308,B,,2026,1464,1464.0,,143901.0,,,,,4.26,0.087,97940.7,Pipeline Natural Gas,,Other boiler,,,,,SIPNOX
KY,"DTE Calvert City, LLC",55308,C,,2024,3252,3248.41,80881.19,,,,,,38.92,0.0889,874536.653,Pipeline Natural Gas,,Combustion turbine,,,,,SIPNOX
KY,"DTE Calvert City, LLC",55308,C,,2025,3669,3668.6,94020.4,,,,,,51.988,0.1019,1016216.14,Pipeline Natural Gas,,Combustion turbine,,,,,SIPNOX
KY,"DTE Calvert City, LLC",55308,C,,2026,1454,1452.9,36070.45,,,,,,15.899,0.0811,389706.1,Pipeline Natural Gas,,Combustion turbine,,,,,SIPNOX
KY,Paducah Power Systems Plant 1,56556,EU01A,,2024,1442,1202.03,25991.97,,0.089,0.001,17572.0,0.0594,13.305,0.0985,295670.902,Pipeline Natural Gas,,Combustion turbine,,Water Injection,,,"ARP, CSNOX, CSOSG2E, CSSO2G1"
KY,Paducah Power Systems Plant 1,56556,EU01A,,2025,1779,1522.36,32733.84,,0.112,0.001,22144.707,0.0593,16.865,0.0972,372616.469,Pipeline Natural Gas,,Combustion turbine,,Water Injection,,,"ARP, CSNOX, CSOSG2E, CSSO2G1"
KY,Paducah Power Systems Plant 1,56556,EU01A,,2026,1421,1233.4,30056.61,,0.099,0.001,19576.19,0.0593,14.567,0.0977,329412.278,Pipeline Natural Gas,,Combustion turbine,,Water Injection,,,"ARP, CSNOX, CSOSG2E, CSSO2G1"
KY,Paducah Power Systems Plant 1,56556,EU01B,,2024,1396,1164.36,25885.45,,0.088,0.001,17441.833,0.0593,13.089,0.0971,293485.744,Pipeline Natural Gas,,Combustion turbine,,Water Injection,,,"ARP, CSNOX, CSOSG2E, CSSO2G1"
KY,Paducah Power Systems Plant 1,56556,EU01B,,2025,1747,1520.19,34214.6,,0.117,0.001,23216.351,0.0593,17.278,0.0942,390663.236,Pipeline Natural Gas,,Combustion turbine,,Water Injection,,,"ARP, CSNOX, CSOSG2E, CSSO2G1"
KY,Paducah Power Systems Plant 1,56556,EU01B,,2026,1412,1231.77,30404.1,,0.1,0.001,19804.291,0.0593,14.718,0.0979,333195.44,Pipeline Natural Gas,,Combustion turbine,,Water Injection,,,"ARP, CSNOX, CSOSG2E, CSSO2G1"
KY,Paducah Power Systems Plant 1,56556,EU02A,,2024,1480,1250.38,27373.11,,0.092,0.001,18226.197,0.0594,13.845,0.1022,306647.206,Pipeline Natural Gas,,Combustion turbine,,Water Injection,,,"ARP, CSNOX, CSOSG2E, CSSO2G1"
KY,Paducah Power Systems Plant 1,56556,EU02A,,2025,1821,1550.48,33511.67,,0.112,0.001,22278.115,0.0594,16.878,0.0993,374813.795,Pipeline Natural Gas,,Combustion turbine,,Water Injection,,,"ARP, CSNOX, CSOSG2E, CSSO2G1"
KY,Paducah Power Systems Plant 1,56556,EU02A,,2026,1456,1276.64,30461.86,,0.1,0.001,19741.825,0.0594,14.532,0.0935,332152.798,Pipeline Natural Gas,,Combustion turbine,,Water Injection,,,"ARP, CSNOX, CSOSG2E, CSSO2G1"
KY,Paducah Power Systems Plant 1,56556,EU02B,,2024,1447,1203.68,27536.66,,0.092,0.001,18170.186,0.0593,14.33,0.1181,305762.0,Pipeline Natural Gas,,Combustion turbine,,Water Injection,,,"ARP, CSNOX, CSOSG2E, CSSO2G1"
KY,Paducah Power Systems Plant 1,56556,EU02B,,2025,1822,1545.84,35226.64,,0.118,0.001,23279.582,0.0593,18.55,0.1072,391714.805,Pipeline Natural Gas,,Combustion turbine,,Water Injection,,,"ARP, CSNOX, CSOSG2E, CSSO2G1"
KY,Paducah Power Systems Plant 1,56556,EU02B,,2026,1457,1272.15,31453.3,,0.103,0.001,20363.782,0.0593,15.111,0.0975,342648.701,Pipeline Natural Gas,,Combustion turbine,,Water Injection,,,"ARP, CSNOX, CSOSG2E, CSSO2G1"
KY,"Catlettsburg Refining, LLC",880038,B026,,2024,3670,3667.81,,689137.84,,,,,15.048,0.0371,810226.98,Process Gas,,Other boiler,,Selective Catalytic Reduction,,,SIPNOX
KY,"Catlettsburg Refining, LLC",880038,B026,,2025,3672,3672.0,,662283.0,,,,,13.684,0.0358,760904.7,Process Gas,,Other boiler,,Selective Catalytic Reduction,,,SIPNOX
KY,"Catlettsburg Refining, LLC",880038,B026,,2026,1381,1379.94,,239945.38,,,,,5.575,0.0375,280711.416,Process Gas,,Other boiler,,Selective Catalytic Reduction,,,SIPNOX
KY,Phoenix Paper Wickliffe LLC,880065,01,,2024,0,0.0,,,,,,,,,,Pipeline Natural Gas,,Dry bottom wall-fired boiler,,,,,SIPNOX
KY,Phoenix Paper Wickliffe LLC,880065,01,,2025,0,0.0,,,,,,,,,,Pipeline Natural Gas,,Dry bottom wall-fired boiler,,,,,SIPNOX
KY,Phoenix Paper Wickliffe LLC,880065,02,,2024,0,0.0,,,,,,,,,,Pipeline Natural Gas,,Dry bottom wall-fired boiler,,,,,SIPNOX
KY,Phoenix Paper Wickliffe LLC,880065,02,,2025,0,0.0,,,,,,,,,,Pipeline Natural Gas,,Dry bottom wall-fired boiler,,,,,SIPNOX
